lattitude,longitude,time
18.4197,-32.8046,2022-10-12 11:32:10.509684
21.3866,-30.2876,2022-10-12 11:33:11.625350
24.306,-27.6567,2022-10-12 11:34:12.741184
27.1686,-24.8905,2022-10-12 11:35:13.880708
29.963,-21.9668,2022-10-12 11:36:14.998488
32.6765,-18.8619,2022-10-12 11:37:16.117158
35.2949,-15.5497,2022-10-12 11:38:17.228254
37.8014,-12.004,2022-10-12 11:39:18.343849
40.1772,-8.1982,2022-10-12 11:40:19.456500
42.4009,-4.1072,2022-10-12 11:41:20.568268
44.4484,0.2901,2022-10-12 11:42:21.679473
46.2934,5.0081,2022-10-12 11:43:22.793157
47.9204,10.093,2022-10-12 11:44:24.046024
49.274,15.4502,2022-10-12 11:45:25.290377
50.3412,21.09,2022-10-12 11:46:26.403387
51.0977,26.9603,2022-10-12 11:47:27.518850
51.5246,32.989,2022-10-12 11:48:28.634251
51.6108,39.0887,2022-10-12 11:49:29.747844
51.3538,45.1641,2022-10-12 11:50:30.863382
50.7606,51.1236,2022-10-12 11:51:31.981691
49.8465,56.8864,2022-10-12 11:52:33.095064
48.6332,62.3901,2022-10-12 11:53:34.210482
47.1471,67.5935,2022-10-12 11:54:35.324095
45.4162,72.4762,2022-10-12 11:55:36.438784
43.4689,77.0349,2022-10-12 11:56:37.550763
41.3326,81.2786,2022-10-12 11:57:38.662506
39.0324,85.2258,2022-10-12 11:58:39.772760
36.5909,88.8998,2022-10-12 11:59:40.887022
34.0283,92.3269,2022-10-12 12:00:41.997579
31.3625,95.5332,2022-10-12 12:01:43.109206
28.5862,98.5691,2022-10-12 12:02:44.222846
25.7577,101.4104,2022-10-12 12:03:45.336130
22.8669,104.1057,2022-10-12 12:04:46.453367
19.9238,106.6767,2022-10-12 12:05:47.567690
16.9381,109.1431,2022-10-12 12:06:48.676404
13.9175,111.5237,2022-10-12 12:07:49.789647
10.8692,113.8359,2022-10-12 12:08:50.902923
7.8004,116.0956,2022-10-12 12:09:52.013960
4.717,118.3183,2022-10-12 12:10:53.125582
-8.6515,127.8666,2022-10-12 12:15:17.774138
-11.7388,130.1568,2022-10-12 12:16:19.008013
-14.7777,132.4849,2022-10-12 12:17:20.241721
-17.7869,134.886,2022-10-12 12:18:21.488705
-20.7589,137.3776,2022-10-12 12:19:22.741625
-23.7087,140.0001,2022-10-12 12:20:23.963983
-26.5791,142.7316,2022-10-12 12:21:25.192352
-29.3837,145.6148,2022-10-12 12:22:26.427058
-32.1324,148.6994,2022-10-12 12:23:27.654056
-34.7664,151.9603,2022-10-12 12:24:28.888836
-37.2923,155.448,2022-10-12 12:25:30.113365
-39.6919,159.1889,2022-10-12 12:26:31.337095
-41.9625,163.2431,2022-10-12 12:27:32.592072
-44.0434,167.5661,2022-10-12 12:28:33.814443
-45.9283,172.2062,2022-10-12 12:29:35.113591
-47.6023,177.2113,2022-10-12 12:30:36.341377
-49.0098,-177.5081,2022-10-12 12:31:37.573436
-50.1377,-171.9385,2022-10-12 12:32:38.817960
-50.9611,-166.1267,2022-10-12 12:33:40.058352
-51.4626,-160.0907,2022-10-12 12:34:41.287384
-51.6212,-154.0125,2022-10-12 12:35:42.513397
-51.438,-147.9381,2022-10-12 12:36:43.736633
-50.9122,-141.9119,2022-10-12 12:37:45.027734
-50.0659,-136.1153,2022-10-12 12:38:46.257854
-48.9166,-130.5642,2022-10-12 12:39:47.484360
-47.477,-125.2636,2022-10-12 12:40:48.737836
-45.7981,-120.323,2022-10-12 12:41:49.979473
-43.8976,-115.7055,2022-10-12 12:42:51.209785
-41.8029,-111.404,2022-10-12 12:43:52.439508
-39.5201,-107.3703,2022-10-12 12:44:53.705067
-37.1096,-103.6474,2022-10-12 12:45:54.943420
-34.5741,-100.176,2022-10-12 12:46:56.212008
-31.9097,-96.9038,2022-10-12 12:47:57.441845
-29.1758,-93.858,2022-10-12 12:48:58.686108
-26.3647,-90.9857,2022-10-12 12:49:59.915983
-23.4648,-88.2419,2022-10-12 12:51:01.142337
-20.5337,-85.6489,2022-10-12 12:52:02.366867
-17.5573,-83.1637,2022-10-12 12:53:03.590364
-14.5444,-80.7678,2022-10-12 12:54:04.812081
-11.4768,-78.4246,2022-10-12 12:55:06.038980
-8.4116,-76.1557,2022-10-12 12:56:07.281577
-5.3302,-73.9264,2022-10-12 12:57:08.512893
-2.2386,-71.7219,2022-10-12 12:58:09.736794
0.8825,-69.5096,2022-10-12 12:59:10.967544
3.9771,-67.3109,2022-10-12 13:00:12.210033
7.0644,-65.0937,2022-10-12 13:01:13.449245
10.1637,-62.8244,2022-10-12 13:02:14.684206
13.2186,-60.5246,2022-10-12 13:03:15.975032
16.2477,-58.1599,2022-10-12 13:04:17.214594
19.2678,-55.6931,2022-10-12 13:05:18.471104
22.2225,-53.1455,2022-10-12 13:06:19.697465
25.1269,-50.4781,2022-10-12 13:07:20.936302
27.9712,-47.6696,2022-10-12 13:08:22.166749
30.7663,-44.6719,2022-10-12 13:09:23.398729
33.4535,-41.509,2022-10-12 13:10:24.630096
36.0408,-38.1314,2022-10-12 13:11:25.862265
38.5308,-34.4816,2022-10-12 13:12:27.094665
40.8631,-30.5927,2022-10-12 13:13:28.324941
43.0364,-26.4117,2022-10-12 13:14:29.559733
49.8491,33.2787,2022-10-12 13:25:23.297328
48.6365,38.7832,2022-10-12 13:26:24.421044
47.1509,43.9875,2022-10-12 13:27:25.545621
45.4207,48.8709,2022-10-12 13:28:26.658434
43.4739,53.4302,2022-10-12 13:29:27.791546
41.3381,57.6746,2022-10-12 13:30:28.928208
39.0381,61.6226,2022-10-12 13:31:30.048256
36.5969,65.2973,2022-10-12 13:32:31.167105
34.0347,68.7248,2022-10-12 13:33:32.284957
31.3691,71.9318,2022-10-12 13:34:33.401814
28.6155,74.9444,2022-10-12 13:35:34.516755
25.7876,77.7876,2022-10-12 13:36:35.633354
22.8973,80.4843,2022-10-12 13:37:36.749806
19.9549,83.0563,2022-10-12 13:38:37.898374
16.9697,85.5237,2022-10-12 13:39:39.018596
13.9495,87.905,2022-10-12 13:40:40.133198
10.8766,90.2364,2022-10-12 13:41:41.273017
7.8078,92.4962,2022-10-12 13:42:42.390630
4.7247,94.7189,2022-10-12 13:43:43.504702
1.6329,96.9195,2022-10-12 13:44:44.617177
-1.4616,99.1123,2022-10-12 13:45:45.796378
-4.5531,101.3116,2022-10-12 13:46:46.916212
-7.6361,103.5321,2022-10-12 13:47:48.028457
-10.7044,105.7882,2022-10-12 13:48:49.147956
-13.7518,108.0954,2022-10-12 13:49:50.260249
-16.7722,110.4701,2022-10-12 13:50:51.391802
-19.7576,112.929,2022-10-12 13:51:52.581104
-22.7002,115.4906,2022-10-12 13:52:53.736495
-25.5909,118.1747,2022-10-12 13:53:54.852188
-28.4425,121.0265,2022-10-12 13:54:55.964217
-31.1971,124.0231,2022-10-12 13:55:57.082517
-33.8646,127.2114,2022-10-12 13:56:58.195676
-36.4299,130.6175,2022-10-12 13:57:59.309228
-38.8755,134.2677,2022-10-12 13:59:00.496370
-41.1633,138.1547,2022-10-12 14:00:01.611919
-43.3324,142.4149,2022-10-12 14:01:02.737869
-45.2894,146.9422,2022-10-12 14:02:03.858604
-47.0326,151.7916,2022-10-12 14:03:04.987131
-48.5341,156.9609,2022-10-12 14:04:06.107195
-49.7657,162.4305,2022-10-12 14:05:07.231150
-50.7014,168.1623,2022-10-12 14:06:08.351222
-51.319,174.095,2022-10-12 14:07:09.500387
-51.6029,-179.8499,2022-10-12 14:08:10.621204
-51.5454,-173.763,2022-10-12 14:09:11.746758
-51.1481,-167.7389,2022-10-12 14:10:12.884363
-50.4215,-161.8657,2022-10-12 14:11:13.997413
-49.3834,-156.2154,2022-10-12 14:12:15.121130
-48.0578,-150.8423,2022-10-12 14:13:16.247252
-46.4715,-145.7784,2022-10-12 14:14:17.360904
-44.6528,-141.0367,2022-10-12 14:15:18.480163
-42.6121,-136.5801,2022-10-12 14:16:19.652217
-40.4091,-132.4676,2022-10-12 14:17:20.778318
-38.052,-128.6413,2022-10-12 14:18:21.905681
-35.5623,-125.0765,2022-10-12 14:19:23.036657
-32.9591,-121.7468,2022-10-12 14:20:24.158792
-30.259,-118.6259,2022-10-12 14:21:25.283528
-27.4767,-115.6884,2022-10-12 14:22:26.413336
-24.6247,-112.9101,2022-10-12 14:23:27.535180
-21.714,-110.2682,2022-10-12 14:24:28.661547
10.8203,-85.9308,2022-10-12 14:35:18.518839
13.8703,-83.6184,2022-10-12 14:36:19.958920
16.9174,-81.2179,2022-10-12 14:37:21.190757
19.905,-78.7507,2022-10-12 14:38:22.421399
22.8497,-76.1792,2022-10-12 14:39:23.670397
25.7657,-73.4606,2022-10-12 14:40:24.905913
28.5953,-70.6174,2022-10-12 14:41:26.162351
31.3505,-67.6048,2022-10-12 14:42:27.394328
34.0177,-64.398,2022-10-12 14:43:28.624370
36.6021,-60.9417,2022-10-12 14:44:29.893413
39.0439,-57.265,2022-10-12 14:45:31.119968
41.3441,-53.3151,2022-10-12 14:46:32.351470
43.497,-49.0322,2022-10-12 14:47:33.583660
45.4419,-44.4681,2022-10-12 14:48:34.843156
47.17,-39.5797,2022-10-12 14:49:36.085414
48.6638,-34.3268,2022-10-12 14:50:37.318826
49.8707,-28.816,2022-10-12 14:51:38.551181
50.778,-23.0474,2022-10-12 14:52:39.779544
51.3637,-17.0838,2022-10-12 14:53:41.004860
51.6135,-10.9562,2022-10-12 14:54:42.287747
51.5168,-4.8574,2022-10-12 14:55:43.530562
51.0795,1.1674,2022-10-12 14:56:44.771094
50.3055,7.0783,2022-10-12 14:57:45.998543
49.2166,12.7524,2022-10-12 14:58:47.695834
47.838,18.1376,2022-10-12 14:59:49.355709
46.2119,23.1644,2022-10-12 15:00:50.590782
44.357,27.8663,2022-10-12 15:01:51.815637
42.2837,32.2822,2022-10-12 15:02:53.050521
40.0518,36.3557,2022-10-12 15:03:54.282510
37.6687,40.1459,2022-10-12 15:04:55.529117
35.1353,43.7052,2022-10-12 15:05:56.767095
32.5113,47.0026,2022-10-12 15:06:57.998143
29.7935,50.0944,2022-10-12 15:07:59.235015
26.9724,53.0296,2022-10-12 15:09:00.502760
24.1069,55.7843,2022-10-12 15:10:01.733237
21.185,58.4057,2022-10-12 15:11:02.958240
18.2162,60.9145,2022-10-12 15:12:04.195161
15.1848,63.3489,2022-10-12 15:13:05.423128
12.1474,65.6875,2022-10-12 15:14:06.706490
9.0865,67.9672,2022-10-12 15:15:07.936270
5.9831,70.2218,2022-10-12 15:16:09.169952
2.8943,72.4295,2022-10-12 15:17:10.401441
-0.1999,74.6238,2022-10-12 15:18:11.629889
-3.2934,76.8188,2022-10-12 15:19:12.927152
-6.4057,79.047,2022-10-12 15:20:14.195171
-9.4809,81.2872,2022-10-12 15:21:15.422532
-12.5376,83.5722,2022-10-12 15:22:16.690528
-15.5943,85.9374,2022-10-12 15:23:17.934013
-18.5941,88.3611,2022-10-12 15:24:19.159997
-21.5544,90.8801,2022-10-12 15:25:20.391941
-24.4901,93.5357,2022-10-12 15:26:21.624701
-27.3439,96.306,2022-10-12 15:27:22.891013
-30.1287,99.2341,2022-10-12 15:28:24.156431
-32.8537,102.3706,2022-10-12 15:29:25.398992
-35.4601,105.6902,2022-10-12 15:30:26.666534
-37.9538,109.2437,2022-10-12 15:31:27.910297
-40.316,113.0577,2022-10-12 15:32:29.146229
-42.5426,117.1918,2022-10-12 15:33:30.386956
-44.5732,121.5991,2022-10-12 15:34:31.637273
-49.316,-179.4982,2022-10-12 15:45:09.292030
-47.9629,-174.0996,2022-10-12 15:46:10.463281
-46.3608,-169.0563,2022-10-12 15:47:11.642218
-44.5281,-164.3357,2022-10-12 15:48:12.822075
-42.4926,-159.9344,2022-10-12 15:49:13.995473
-40.2802,-155.8387,2022-10-12 15:50:15.166949
-37.9151,-152.0277,2022-10-12 15:51:16.334044
-35.3978,-148.4489,2022-10-12 15:52:17.522590
-32.7879,-145.1336,2022-10-12 15:53:18.696657
-30.082,-142.0253,2022-10-12 15:54:19.907875
-27.2946,-139.0986,2022-10-12 15:55:21.077910
-24.4385,-136.3296,2022-10-12 15:56:22.264924
-21.5005,-133.6749,2022-10-12 15:57:23.447042
-18.5378,-131.1563,2022-10-12 15:58:24.629535
-15.5359,-128.7331,2022-10-12 15:59:25.798999
-12.502,-126.3868,2022-10-12 16:00:26.963308
-9.4436,-124.1012,2022-10-12 16:01:28.166741
-6.3669,-121.8604,2022-10-12 16:02:29.360818
-3.2527,-119.6311,2022-10-12 16:03:30.530532
-0.1575,-117.4349,2022-10-12 16:04:31.697812
2.9384,-115.2391,2022-10-12 16:05:32.868005
6.0288,-113.0297,2022-10-12 16:06:34.035654
9.1082,-110.7919,2022-10-12 16:07:35.239006
12.1705,-108.5106,2022-10-12 16:08:36.464507
15.234,-106.1506,2022-10-12 16:09:37.690389
18.2421,-103.7334,2022-10-12 16:10:38.869615
21.2119,-101.2224,2022-10-12 16:11:40.059254
24.1347,-98.5985,2022-10-12 16:12:41.229985
27.0009,-95.841,2022-10-12 16:13:42.412409
29.8224,-92.9027,2022-10-12 16:14:43.574063
32.5406,-89.8074,2022-10-12 16:15:44.743139
35.1642,-86.5064,2022-10-12 16:16:45.913306
37.6771,-82.9729,2022-10-12 16:17:47.106355
40.0602,-79.1808,2022-10-12 16:18:48.307974
42.2923,-75.1046,2022-10-12 16:19:49.477174
44.3655,-70.6858,2022-10-12 16:20:50.646779
46.2198,-65.9813,2022-10-12 16:21:51.819546
47.8451,-60.9523,2022-10-12 16:22:53.008173
49.2126,-55.6096,2022-10-12 16:23:54.187146
50.2949,-49.9827,2022-10-12 16:24:55.367063
51.0676,-44.1222,2022-10-12 16:25:56.537538
51.5138,-38.0493,2022-10-12 16:26:57.707942
51.6143,-31.9497,2022-10-12 16:27:58.939163
51.3717,-25.8708,2022-10-12 16:29:00.120936
50.7923,-19.9043,2022-10-12 16:30:01.306069
49.8911,-14.1317,2022-10-12 16:31:02.472279
48.6898,-8.6163,2022-10-12 16:32:03.655882
47.2013,-3.358,2022-10-12 16:33:04.819457
45.4781,1.5358,2022-10-12 16:34:05.990865
43.5377,6.1052,2022-10-12 16:35:07.160600
41.4072,10.3593,2022-10-12 16:36:08.344294
39.1119,14.3162,2022-10-12 16:37:09.551700
36.6541,18.0283,2022-10-12 16:38:10.737375
34.0944,21.4611,2022-10-12 16:39:11.902598
31.4311,24.6728,2022-10-12 16:40:13.085791
28.6795,27.6894,2022-10-12 16:41:14.271038
25.8533,30.5359,2022-10-12 16:42:15.473560
22.9641,33.236,2022-10-12 16:43:16.644225
19.9984,35.8314,2022-10-12 16:44:17.813188
-12.3625,59.8456,2022-10-12 16:55:03.311230
-15.3961,62.1872,2022-10-12 16:56:04.431757
-18.3983,64.6054,2022-10-12 16:57:05.553640
-21.3617,67.1178,2022-10-12 16:58:06.668541
-24.2774,69.7434,2022-10-12 16:59:07.785297
-27.1359,72.503,2022-10-12 17:00:08.895880
-29.9264,75.4189,2022-10-12 17:01:10.015828
-32.6362,78.5149,2022-10-12 17:02:11.134900
-35.251,81.8164,2022-10-12 17:03:12.251528
-37.7547,85.3499,2022-10-12 17:04:13.365898
-40.1283,89.1416,2022-10-12 17:05:14.476773
-42.3509,93.2167,2022-10-12 17:06:15.593563
-44.3986,97.5961,2022-10-12 17:07:16.709099
-46.2454,102.2945,2022-10-12 17:08:17.825367
-47.8636,107.3157,2022-10-12 17:09:18.949640
-49.2248,112.6485,2022-10-12 17:10:20.064345
-50.3021,118.2642,2022-10-12 17:11:21.228095
-51.0709,124.1117,2022-10-12 17:12:22.355197
-51.5124,130.121,2022-10-12 17:13:23.477853
-51.6149,136.2054,2022-10-12 17:14:24.590862
-51.3723,142.32,2022-10-12 17:15:25.728102
-50.7951,148.2733,2022-10-12 17:16:26.855543
-49.8973,154.034,2022-10-12 17:17:27.987291
-48.7006,159.5394,2022-10-12 17:18:29.100779
-47.2305,164.7482,2022-10-12 17:19:30.241911
-45.515,169.6384,2022-10-12 17:20:31.384639
-43.5821,174.2062,2022-10-12 17:21:32.503027
-41.4591,178.4599,2022-10-12 17:22:33.627267
-39.1711,-177.5828,2022-10-12 17:23:34.749475
-36.7408,-173.8989,2022-10-12 17:24:35.872894
-34.1883,-170.4625,2022-10-12 17:25:36.996388
-31.5314,-167.2472,2022-10-12 17:26:38.107796
-28.7855,-164.2269,2022-10-12 17:27:39.222039
-25.9643,-161.3769,2022-10-12 17:28:40.349570
-23.0795,-158.6738,2022-10-12 17:29:41.462790
-20.1419,-156.0962,2022-10-12 17:30:42.593370
-17.1601,-153.6238,2022-10-12 17:31:43.711859
-14.1177,-151.2189,2022-10-12 17:32:44.853862
-11.0715,-148.9031,2022-10-12 17:33:45.980257
-8.0037,-146.6403,2022-10-12 17:34:47.095515
-4.9204,-144.4151,2022-10-12 17:35:48.222029
-1.8279,-142.2127,2022-10-12 17:36:49.365389
1.2683,-140.0185,2022-10-12 17:37:50.495671
4.3623,-137.8183,2022-10-12 17:38:51.606698
7.4485,-135.5975,2022-10-12 17:39:52.723635
10.5209,-133.3415,2022-10-12 17:40:53.850659
13.5733,-131.0349,2022-10-12 17:41:54.976021
16.5993,-128.6613,2022-10-12 17:42:56.088482
19.5909,-126.204,2022-10-12 17:43:57.210398
22.5406,-123.6444,2022-10-12 17:44:58.329963
25.4392,-120.9625,2022-10-12 17:45:59.445937
28.2765,-118.1372,2022-10-12 17:47:00.566595
31.0408,-115.1451,2022-10-12 17:48:01.700515
33.7188,-111.9616,2022-10-12 17:49:02.816715
36.2955,-108.5605,2022-10-12 17:50:03.931369
38.7727,-104.8845,2022-10-12 17:51:05.045391
41.0901,-100.9671,2022-10-12 17:52:06.164587
43.2461,-96.7552,2022-10-12 17:53:07.366100
45.2157,-92.2298,2022-10-12 17:54:08.487018
48.302,-30.7134,2022-10-12 18:05:11.206212
46.7547,-25.5853,2022-10-12 18:06:12.373861
44.9539,-20.7421,2022-10-12 18:07:13.540528
42.9574,-16.2626,2022-10-12 18:08:14.723795
40.778,-12.0937,2022-10-12 18:09:15.890923
38.4406,-8.2161,2022-10-12 18:10:17.060447
35.9672,-4.6056,2022-10-12 18:11:18.242899
33.3776,-1.2358,2022-10-12 18:12:19.411642
30.6888,1.92,2022-10-12 18:13:20.578332
27.8925,4.9116,2022-10-12 18:14:21.753763
25.0475,7.7146,2022-10-12 18:15:22.938339
22.1428,10.3772,2022-10-12 18:16:24.109593
19.1883,12.9205,2022-10-12 18:17:25.283573
16.193,15.3641,2022-10-12 18:18:26.461036
13.1649,17.7262,2022-10-12 18:19:27.628068
10.0857,20.0425,2022-10-12 18:20:28.790516
7.0127,22.2913,2022-10-12 18:21:29.970998
3.9267,24.5069,2022-10-12 18:22:31.141770
0.8338,26.704,2022-10-12 18:23:32.310710
-2.2605,28.8971,2022-10-12 18:24:33.493608
-5.3504,31.1005,2022-10-12 18:25:34.666821
-8.4555,33.3472,2022-10-12 18:26:35.859584
-11.5189,35.6154,2022-10-12 18:27:37.061314
-14.5598,37.9389,2022-10-12 18:28:38.225955
-17.5712,40.334,2022-10-12 18:29:39.393299
-20.546,42.8183,2022-10-12 18:30:40.575813
-23.4757,45.4105,2022-10-12 18:31:41.753687
-26.3743,48.1536,2022-10-12 18:32:42.919680
-29.1842,51.0252,2022-10-12 18:33:44.091439
-31.9167,54.0702,2022-10-12 18:34:45.306768
-34.5585,57.3138,2022-10-12 18:35:46.480004
-37.0939,60.7826,2022-10-12 18:36:47.649871
-39.5045,64.5023,2022-10-12 18:37:48.830166
-41.7878,68.533,2022-10-12 18:38:50.010116
-43.8834,72.8314,2022-10-12 18:39:51.206634
-45.7851,77.4455,2022-10-12 18:40:52.377095
-47.4655,82.3828,2022-10-12 18:41:53.593178
-48.9071,87.6809,2022-10-12 18:42:54.841995
-50.0584,93.2288,2022-10-12 18:43:56.024603
-50.9071,99.0235,2022-10-12 18:44:57.211592
-51.4326,104.9993,2022-10-12 18:45:58.398190
-51.6213,111.0729,2022-10-12 18:46:59.567501
-51.4682,117.1516,2022-10-12 18:48:00.749069
-50.9719,123.1902,2022-10-12 18:49:01.922645
-50.1535,129.0057,2022-10-12 18:50:03.090619
-49.0301,134.5803,2022-10-12 18:51:04.261046
-47.6266,139.8667,2022-10-12 18:52:05.424375
-45.9704,144.8386,2022-10-12 18:53:06.594162
-44.09,149.4873,2022-10-12 18:54:07.781643
-42.0127,153.819,2022-10-12 18:55:08.950717
-39.7452,157.881,2022-10-12 18:56:10.131318
-37.3478,161.6294,2022-10-12 18:57:11.316177
-34.8235,165.1239,2022-10-12 18:58:12.602695
-32.1908,168.3908,2022-10-12 18:59:13.775609
-29.4429,171.4806,2022-10-12 19:00:14.946401
-26.6386,174.3686,2022-10-12 19:01:16.130482
-23.7681,177.1043,2022-10-12 19:02:17.326100
-20.8422,179.7097,2022-10-12 19:03:18.506950
-17.8699,-177.7946,2022-10-12 19:04:19.681225
15.7851,-152.9035,2022-10-12 19:15:30.293965
18.8111,-150.4504,2022-10-12 19:16:31.473808
21.7725,-147.9195,2022-10-12 19:17:32.671328
24.6852,-145.2719,2022-10-12 19:18:33.854624
27.5394,-142.4864,2022-10-12 19:19:35.047408
30.324,-139.5404,2022-10-12 19:20:36.258496
33.0477,-136.3832,2022-10-12 19:21:37.443996
35.6516,-133.0401,2022-10-12 19:22:38.608841
38.1411,-129.4597,2022-10-12 19:23:39.786984
40.4969,-125.6159,2022-10-12 19:24:40.975129
42.6974,-121.4835,2022-10-12 19:25:42.148991
44.7341,-117.0044,2022-10-12 19:26:43.350510
46.5471,-112.2382,2022-10-12 19:27:44.553282
48.1255,-107.1485,2022-10-12 19:28:45.936159
49.4504,-101.704,2022-10-12 19:29:47.134002
50.4732,-96.0267,2022-10-12 19:30:48.347599
51.1821,-90.1282,2022-10-12 19:31:49.518910
51.5592,-84.0832,2022-10-12 19:32:50.691278
51.5947,-77.981,2022-10-12 19:33:51.882595
51.2835,-71.8675,2022-10-12 19:34:53.068334
50.6391,-65.9336,2022-10-12 19:35:54.254229
49.6769,-60.2081,2022-10-12 19:36:55.420375
48.4194,-54.7493,2022-10-12 19:37:56.586794
46.8934,-49.5951,2022-10-12 19:38:57.753444
45.127,-44.763,2022-10-12 19:39:58.925791
43.1486,-40.2542,2022-10-12 19:41:00.098277
40.9668,-36.0249,2022-10-12 19:42:01.326379
38.6418,-32.124,2022-10-12 19:43:02.511085
36.1791,-28.4923,2022-10-12 19:44:03.679187
33.5986,-25.1034,2022-10-12 19:45:04.856037
30.9175,-21.9307,2022-10-12 19:46:06.026391
28.128,-18.9244,2022-10-12 19:47:07.211136
25.2884,-16.1084,2022-10-12 19:48:08.412090
22.3885,-13.4351,2022-10-12 19:49:09.583994
19.438,-10.8827,2022-10-12 19:50:10.759077
16.446,-8.4316,2022-10-12 19:51:11.932286
13.3957,-6.0444,2022-10-12 19:52:13.124165
10.3435,-3.7425,2022-10-12 19:53:14.367593
7.2719,-1.4903,2022-10-12 19:54:15.530285
4.1869,0.7274,2022-10-12 19:55:16.719972
1.0944,2.9254,2022-10-12 19:56:17.910532
-2.025,5.1361,2022-10-12 19:57:19.082121
-5.1153,7.3382,2022-10-12 19:58:20.250325
-8.196,9.5639,2022-10-12 19:59:21.431348
-11.2608,11.828,2022-10-12 20:00:22.594068
-14.3037,14.1461,2022-10-12 20:01:23.766826
-17.318,16.5345,2022-10-12 20:02:24.936688
-20.2961,19.0105,2022-10-12 20:03:26.107042
-23.2536,21.6143,2022-10-12 20:04:27.287856
-26.1333,24.324,2022-10-12 20:05:28.452979
-28.949,27.1819,2022-10-12 20:06:29.632789
-31.6887,30.2112,2022-10-12 20:07:30.798438
-34.3388,33.4371,2022-10-12 20:08:31.982789
-36.8837,36.8854,2022-10-12 20:09:33.153135
-39.3248,40.6143,2022-10-12 20:10:34.350250
-41.6021,44.5887,2022-10-12 20:11:35.542129
-43.7129,48.8609,2022-10-12 20:12:36.707878
-45.632,53.4478,2022-10-12 20:13:37.899628
-47.3322,58.3575,2022-10-12 20:14:39.068701
-46.696,119.1926,2022-10-12 20:25:31.234030
-44.9065,123.9773,2022-10-12 20:26:32.437000
-42.9088,128.441,2022-10-12 20:27:33.613506
-40.7293,132.5956,2022-10-12 20:28:34.795205
-38.3923,136.4611,2022-10-12 20:29:35.977612
-35.8992,140.0899,2022-10-12 20:30:37.156564
-33.31,143.4492,2022-10-12 20:31:38.322502
-30.6217,146.5964,2022-10-12 20:32:39.505151
-27.8495,149.5568,2022-10-12 20:33:40.693129
-25.0059,152.355,2022-10-12 20:34:41.873537
-22.1026,155.0136,2022-10-12 20:35:43.036620
-19.1248,157.5743,2022-10-12 20:36:44.203830
-16.1298,160.015,2022-10-12 20:37:45.427404
-13.1017,162.375,2022-10-12 20:38:46.607229
-10.0475,164.6714,2022-10-12 20:39:47.783810
-6.9738,166.9199,2022-10-12 20:40:48.959668
-3.8869,169.1359,2022-10-12 20:41:50.150597
-0.767,171.352,2022-10-12 20:42:51.320100
2.3289,173.5465,2022-10-12 20:43:52.491241
5.4208,175.7521,2022-10-12 20:44:53.664900
8.503,177.9832,2022-10-12 20:45:54.893160
11.5691,-179.7453,2022-10-12 20:46:56.151889
14.638,-177.3983,2022-10-12 20:47:57.340396
17.6526,-174.9975,2022-10-12 20:48:58.522027
20.6305,-172.5065,2022-10-12 20:49:59.699142
23.5632,-169.9065,2022-10-12 20:51:00.863466
26.4415,-167.1769,2022-10-12 20:52:02.042565
29.2774,-164.2715,2022-10-12 20:53:03.242430
32.0125,-161.2134,2022-10-12 20:54:04.446945
34.6561,-157.9548,2022-10-12 20:55:05.632196
37.1921,-154.4693,2022-10-12 20:56:06.802231
39.6024,-150.7301,2022-10-12 20:57:08.003532
41.8839,-146.6776,2022-10-12 20:58:09.187508
43.9759,-142.3551,2022-10-12 20:59:10.374951
45.872,-137.7144,2022-10-12 21:00:11.563091
47.5446,-132.7489,2022-10-12 21:01:12.752662
48.965,-127.4667,2022-10-12 21:02:13.935743
50.1056,-121.8926,2022-10-12 21:03:15.108608
50.9464,-116.0249,2022-10-12 21:04:16.285375
51.4535,-110.0265,2022-10-12 21:05:17.460036
51.6217,-103.9353,2022-10-12 21:06:18.648571
51.4465,-97.8447,2022-10-12 21:07:19.818888
50.9326,-91.8497,2022-10-12 21:08:21.007825
50.0853,-85.9866,2022-10-12 21:09:22.201515
48.9389,-80.4187,2022-10-12 21:10:23.423196
47.5133,-75.1434,2022-10-12 21:11:24.601254
45.8363,-70.1857,2022-10-12 21:12:25.787385
43.9366,-65.5527,2022-10-12 21:13:26.971048
41.8237,-61.2035,2022-10-12 21:14:28.156984
39.5577,-57.1919,2022-10-12 21:15:29.358742
37.1457,-53.459,2022-10-12 21:16:30.551177
34.6084,-49.9793,2022-10-12 21:17:31.729660
31.9641,-46.7261,2022-10-12 21:18:32.900871
29.2287,-43.6729,2022-10-12 21:19:34.062156
26.3928,-40.7715,2022-10-12 21:20:35.244382
23.5148,-38.0457,2022-10-12 21:21:36.417317
20.5824,-35.4487,2022-10-12 21:22:37.580477
17.6053,-32.9607,2022-10-12 21:23:38.747749
14.5915,-30.5624,2022-10-12 21:24:39.935984
-17.2924,-7.08,2022-10-12 21:35:14.707531
-20.271,-4.6047,2022-10-12 21:36:15.950389
-23.2053,-2.0233,2022-10-12 21:37:17.122947
-26.086,0.6841,2022-10-12 21:38:18.293159
-28.9256,3.5633,2022-10-12 21:39:19.459894
-31.6661,6.5912,2022-10-12 21:40:20.637066
-34.317,9.8153,2022-10-12 21:41:21.841442
-36.8629,13.2619,2022-10-12 21:42:23.024051
-39.2859,16.9572,2022-10-12 21:43:24.194009
-41.5656,20.9266,2022-10-12 21:44:25.379499
-43.6959,25.2299,2022-10-12 21:45:26.581299
-45.6167,29.8141,2022-10-12 21:46:27.766779
-47.3189,34.7213,2022-10-12 21:47:28.934425
-48.7743,39.946,2022-10-12 21:48:30.102794
-49.955,45.4661,2022-10-12 21:49:31.300188
-50.8413,51.2866,2022-10-12 21:50:32.475756
-51.3977,57.249,2022-10-12 21:51:33.643023
-51.6181,63.3176,2022-10-12 21:52:34.844463
-51.4968,69.4003,2022-10-12 21:53:36.024472
-51.037,75.4027,2022-10-12 21:54:37.219165
-50.2506,81.2397,2022-10-12 21:55:38.395424
-49.1468,86.8861,2022-10-12 21:56:39.560371
-47.7681,92.2007,2022-10-12 21:57:40.734628
-46.1342,97.2025,2022-10-12 21:58:41.944602
-44.2734,101.8815,2022-10-12 21:59:43.130531
-42.2134,106.2417,2022-10-12 22:00:44.341186
-39.9799,110.299,2022-10-12 22:01:45.510871
-37.5763,114.1044,2022-10-12 22:02:46.761352
-35.0631,117.6213,2022-10-12 22:03:47.951940
-32.4395,120.9085,2022-10-12 22:04:49.160666
-29.7224,123.9915,2022-10-12 22:05:50.327658
-26.9021,126.9195,2022-10-12 22:06:51.509825
-24.0374,129.6683,2022-10-12 22:07:52.700789
-21.1159,132.2851,2022-10-12 22:08:53.891360
-18.1478,134.79,2022-10-12 22:09:55.059484
-15.1166,137.2216,2022-10-12 22:10:56.376077
-12.0792,139.5583,2022-10-12 22:11:57.589667
-9.0179,141.8367,2022-10-12 22:12:58.785537
-5.9392,144.0726,2022-10-12 22:13:59.965781
-2.8491,146.2809,2022-10-12 22:15:01.140494
0.2467,148.4764,2022-10-12 22:16:02.308758
3.3674,150.691,2022-10-12 22:17:03.501758
6.4569,152.9037,2022-10-12 22:18:04.680672
9.5342,155.1466,2022-10-12 22:19:05.865213
12.5937,157.4351,2022-10-12 22:20:07.031099
15.6288,159.7853,2022-10-12 22:21:08.261042
18.6567,162.2339,2022-10-12 22:22:09.432210
21.6204,164.7593,2022-10-12 22:23:10.607747
24.536,167.4005,2022-10-12 22:24:11.777395
27.3936,170.1784,2022-10-12 22:25:12.958973
30.1822,173.1156,2022-10-12 22:26:14.154279
32.8887,176.2362,2022-10-12 22:27:15.335489
35.5199,179.5943,2022-10-12 22:28:16.510359
38.0157,-176.8382,2022-10-12 22:29:17.689921
40.3795,-173.0077,2022-10-12 22:30:18.865155
42.5887,-168.8903,2022-10-12 22:31:20.046653
44.6196,-164.4651,2022-10-12 22:32:21.213678
46.4456,-159.7183,2022-10-12 22:33:22.385629
48.0507,-154.6047,2022-10-12 22:34:23.555689
46.2145,-94.8119,2022-10-12 22:45:03.246058
44.36,-90.1097,2022-10-12 22:46:04.375468
42.3046,-85.7279,2022-10-12 22:47:05.505956
40.0742,-81.6514,2022-10-12 22:48:06.633679
37.6928,-77.8589,2022-10-12 22:49:07.755097
35.1817,-74.3253,2022-10-12 22:50:08.869560
32.5598,-71.0242,2022-10-12 22:51:09.990129
29.8209,-67.9043,2022-10-12 22:52:11.108904
27.0239,-64.9907,2022-10-12 22:53:12.240972
24.1593,-62.2332,2022-10-12 22:54:13.360308
21.2384,-59.6097,2022-10-12 22:55:14.480489
18.2708,-57.0993,2022-10-12 22:56:15.599573
15.2647,-54.6827,2022-10-12 22:57:16.733092
12.2279,-52.3423,2022-10-12 22:58:17.882245
9.1674,-50.0612,2022-10-12 22:59:19.001444
6.0897,-47.8238,2022-10-12 23:00:20.120079
3.0012,-45.6154,2022-10-12 23:01:21.241287
-0.0926,-43.4211,2022-10-12 23:02:22.357660
-3.1864,-41.2262,2022-10-12 23:03:23.491622
-6.2738,-39.017,2022-10-12 23:04:24.618011
-9.3493,-36.7786,2022-10-12 23:05:25.731282
-12.4316,-34.4771,2022-10-12 23:06:26.927930
-15.4644,-32.134,2022-10-12 23:07:28.050981
-18.4654,-29.7143,2022-10-12 23:08:29.172786
-21.4275,-27.1998,2022-10-12 23:09:30.296842
-24.3418,-24.5717,2022-10-12 23:10:31.425114
-27.1988,-21.809,2022-10-12 23:11:32.551120
-29.9875,-18.8895,2022-10-12 23:12:33.669260
-32.6953,-15.7892,2022-10-12 23:13:34.785531
-35.3077,-12.483,2022-10-12 23:14:35.938747
-37.8087,-8.944,2022-10-12 23:15:37.069660
-40.1792,-5.1465,2022-10-12 23:16:38.197150
-42.3981,-1.0651,2022-10-12 23:17:39.322224
-44.4415,3.321,2022-10-12 23:18:40.440870
-46.2833,8.026,2022-10-12 23:19:41.565009
-47.9084,13.0967,2022-10-12 23:20:42.722355
-49.2615,18.4385,2022-10-12 23:21:43.841614
-50.3298,24.0615,2022-10-12 23:22:44.988536
-51.089,29.9147,2022-10-12 23:23:46.107259
-51.5204,35.9268,2022-10-12 23:24:47.231229
-51.6127,42.0114,2022-10-12 23:25:48.366672
-51.3634,48.0747,2022-10-12 23:26:49.485972
-50.7791,54.0239,2022-10-12 23:27:50.605448
-49.8749,59.7792,2022-10-12 23:28:51.732295
-48.6721,65.2783,2022-10-12 23:29:52.857215
-47.1966,70.4799,2022-10-12 23:30:53.983558
-45.4761,75.3635,2022-10-12 23:31:55.193140
-43.5225,79.9601,2022-10-12 23:32:56.347442
-41.3945,84.2046,2022-10-12 23:33:57.465385
-39.1022,88.1532,2022-10-12 23:34:58.593839
-36.6681,91.8294,2022-10-12 23:35:59.716521
-34.1126,95.2587,2022-10-12 23:37:00.831093
-31.4531,98.4678,2022-10-12 23:38:01.952350
-28.705,101.4827,2022-10-12 23:39:03.132038
-25.8816,104.3284,2022-10-12 23:40:04.259773
-22.9953,107.0274,2022-10-12 23:41:05.383213
-20.0561,109.6018,2022-10-12 23:42:06.514770
-17.0734,112.0712,2022-10-12 23:43:07.629075
-14.055,114.4546,2022-10-12 23:44:08.748257
19.7253,139.5344,2022-10-12 23:55:21.888113
22.673,142.0992,2022-10-12 23:56:23.132430
25.5691,144.7872,2022-10-12 23:57:24.422461
28.4034,147.6196,2022-10-12 23:58:25.660811
31.1863,150.6452,2022-10-12 23:59:26.885362
33.858,153.8383,2022-10-13 00:00:28.140992
36.4288,157.2515,2022-10-13 00:01:29.399169
38.8991,160.9415,2022-10-13 00:02:30.659797
41.2086,164.874,2022-10-13 00:03:31.890871
43.3554,169.1022,2022-10-13 00:04:33.122631
45.3296,173.6831,2022-10-13 00:05:34.367409
47.0716,178.5518,2022-10-13 00:06:35.604762
48.5701,-176.2582,2022-10-13 00:07:36.841041
49.7968,-170.7669,2022-10-13 00:08:38.072361
50.7317,-164.9661,2022-10-13 00:09:39.309158
51.3375,-159.0122,2022-10-13 00:10:40.537571
51.6074,-152.9386,2022-10-13 00:11:41.790085
51.5322,-146.7883,2022-10-13 00:12:43.017509
51.1153,-140.7563,2022-10-13 00:13:44.454489
50.3609,-134.833,2022-10-13 00:14:45.726589
49.3002,-129.1882,2022-10-13 00:15:46.965837
47.9526,-123.825,2022-10-13 00:16:48.197849
46.3454,-118.7738,2022-10-13 00:17:49.425054
44.4913,-114.0098,2022-10-13 00:18:50.664947
42.4484,-109.6065,2022-10-13 00:19:51.894878
40.2291,-105.5101,2022-10-13 00:20:53.150462
37.8373,-101.6694,2022-10-13 00:21:54.388611
35.3334,-98.1214,2022-10-13 00:22:55.628789
32.7174,-94.807,2022-10-13 00:23:56.864217
29.9838,-91.6757,2022-10-13 00:24:58.105637
27.1911,-88.7521,2022-10-13 00:25:59.399383
24.3304,-85.9861,2022-10-13 00:27:00.636397
21.4125,-83.3552,2022-10-13 00:28:01.866119
18.4229,-80.8185,2022-10-13 00:29:03.096270
15.4187,-78.3976,2022-10-13 00:30:04.340987
12.3834,-76.0538,2022-10-13 00:31:05.644695
9.299,-73.7516,2022-10-13 00:32:06.884483
6.2221,-71.5129,2022-10-13 00:33:08.130024
3.1341,-69.3036,2022-10-13 00:34:09.372549
0.015,-67.091,2022-10-13 00:35:10.598522
-3.0786,-64.8965,2022-10-13 00:36:11.855896
-6.1662,-62.6881,2022-10-13 00:37:13.081091
-9.2672,-60.4326,2022-10-13 00:38:14.317114
-12.3251,-58.1514,2022-10-13 00:39:15.548759
-15.3588,-55.8107,2022-10-13 00:40:16.809020
-18.3612,-53.3938,2022-10-13 00:41:18.042504
-21.3489,-50.8619,2022-10-13 00:42:19.274713
-24.2646,-48.2371,2022-10-13 00:43:20.614252
-27.1464,-45.455,2022-10-13 00:44:21.869911
-29.9363,-42.5388,2022-10-13 00:45:23.154563
-32.6456,-39.4423,2022-10-13 00:46:24.390785
-35.2809,-36.1121,2022-10-13 00:47:25.622011
-37.783,-32.5759,2022-10-13 00:48:26.851728
-40.1549,-28.7813,2022-10-13 00:49:28.086624
-42.3754,-24.7032,2022-10-13 00:50:29.328851
-44.4367,-20.2834,2022-10-13 00:51:30.558583
-46.2792,-15.5788,2022-10-13 00:52:31.787934
-47.8924,-10.5519,2022-10-13 00:53:33.017997
-49.2484,-5.2133,2022-10-13 00:54:34.242594
-44.4573,54.2673,2022-10-13 01:05:18.362128
-42.415,58.6569,2022-10-13 01:06:19.482220
-40.1968,62.7418,2022-10-13 01:07:20.595738
-37.8266,66.5428,2022-10-13 01:08:21.716833
-35.3257,70.0847,2022-10-13 01:09:22.829707
-32.7129,73.3939,2022-10-13 01:10:23.966584
-30.0046,76.4967,2022-10-13 01:11:25.094185
-27.2153,79.4186,2022-10-13 01:12:26.210126
-24.3573,82.1836,2022-10-13 01:13:27.335280
-21.4418,84.8138,2022-10-13 01:14:28.455476
-18.4786,87.33,2022-10-13 01:15:29.575142
-15.4759,89.7517,2022-10-13 01:16:30.688014
-12.4416,92.0964,2022-10-13 01:17:31.802556
-9.3577,94.3995,2022-10-13 01:18:32.926827
-6.2806,96.6393,2022-10-13 01:19:34.049083
-3.1916,98.85,2022-10-13 01:20:35.166327
-0.0964,101.0459,2022-10-13 01:21:36.290522
2.999,103.2416,2022-10-13 01:22:37.405491
6.0892,105.4514,2022-10-13 01:23:38.527307
9.1684,107.69,2022-10-13 01:24:39.684721
12.2302,109.9722,2022-10-13 01:25:40.804483
15.2685,112.3141,2022-10-13 01:26:41.927075
18.276,114.7321,2022-10-13 01:27:43.041542
21.2452,117.2442,2022-10-13 01:28:44.162703
24.1673,119.8694,2022-10-13 01:29:45.339527
27.0328,122.6286,2022-10-13 01:30:46.494094
29.8533,125.5687,2022-10-13 01:31:47.634918
32.5704,128.6661,2022-10-13 01:32:48.752331
35.1929,131.9696,2022-10-13 01:33:49.879071
37.7043,135.5055,2022-10-13 01:34:51.006618
40.0857,139.3006,2022-10-13 01:35:52.134464
42.3158,143.3798,2022-10-13 01:36:53.249348
44.3708,147.7646,2022-10-13 01:37:54.370797
46.2245,152.4698,2022-10-13 01:38:55.492551
47.8489,157.4993,2022-10-13 01:39:56.617822
49.2157,162.8428,2022-10-13 01:40:57.738059
50.2971,168.4696,2022-10-13 01:41:58.861147
51.069,174.3304,2022-10-13 01:43:00.010815
51.512,-179.6465,2022-10-13 01:44:01.140084
51.6146,-173.548,2022-10-13 01:45:02.265538
51.3705,-167.4193,2022-10-13 01:46:03.397967
50.7904,-161.4538,2022-10-13 01:47:04.518781
49.8887,-155.6823,2022-10-13 01:48:05.632421
48.6868,-150.1674,2022-10-13 01:49:06.752915
47.211,-144.9515,2022-10-13 01:50:07.889565
45.4893,-140.0559,2022-10-13 01:51:09.020476
43.5501,-135.4846,2022-10-13 01:52:10.148339
41.4208,-131.2286,2022-10-13 01:53:11.268583
39.1267,-127.2703,2022-10-13 01:54:12.387052
36.6903,-123.5857,2022-10-13 01:55:13.510946
34.1321,-120.1493,2022-10-13 01:56:14.633795
31.4703,-116.9349,2022-10-13 01:57:15.760156
28.7201,-113.9157,2022-10-13 01:58:16.883829
25.895,-111.0669,2022-10-13 01:59:18.001445
22.9919,-108.3517,2022-10-13 02:00:19.125567
20.0511,-105.776,2022-10-13 02:01:20.246101
17.0669,-103.3054,2022-10-13 02:02:21.390011
14.0476,-100.9214,2022-10-13 02:03:22.510710
11.0004,-98.6067,2022-10-13 02:04:23.627966
-21.0419,-74.7226,2022-10-13 02:15:03.551685
-23.9628,-72.1106,2022-10-13 02:16:04.727398
-26.8278,-69.3669,2022-10-13 02:17:05.894934
-29.6257,-66.4697,2022-10-13 02:18:07.057104
-32.3667,-63.3687,2022-10-13 02:19:08.285640
-34.9917,-60.0892,2022-10-13 02:20:09.451749
-37.5075,-56.5802,2022-10-13 02:21:10.625755
-39.895,-52.816,2022-10-13 02:22:11.801985
-42.1336,-48.7711,2022-10-13 02:23:12.976457
-44.2161,-44.3865,2022-10-13 02:24:14.140936
-46.0826,-39.7184,2022-10-13 02:25:15.311704
-47.7232,-34.7272,2022-10-13 02:26:16.511813
-49.1095,-29.4228,2022-10-13 02:27:17.685765
-50.2142,-23.8324,2022-10-13 02:28:18.860283
-51.0126,-18.0041,2022-10-13 02:29:20.035195
-51.4877,-11.9573,2022-10-13 02:30:21.215786
-51.6193,-5.8765,2022-10-13 02:31:22.388837
-51.4091,0.1939,2022-10-13 02:32:23.663142
-50.8628,6.1606,2022-10-13 02:33:24.853431
-49.9943,11.942,2022-10-13 02:34:26.027671
-48.8138,17.5175,2022-10-13 02:35:27.215937
-47.366,22.7524,2022-10-13 02:36:28.388140
-45.6705,27.6701,2022-10-13 02:37:29.565252
-43.7554,32.2648,2022-10-13 02:38:30.734757
-41.6477,36.5448,2022-10-13 02:39:31.936752
-39.3536,40.5581,2022-10-13 02:40:33.107436
-36.9337,44.2622,2022-10-13 02:41:34.279964
-34.3901,47.7168,2022-10-13 02:42:35.442997
-31.7409,50.948,2022-10-13 02:43:36.626941
-29.0018,53.9822,2022-10-13 02:44:37.802107
-26.1863,56.8444,2022-10-13 02:45:38.978066
-23.2825,59.5796,2022-10-13 02:46:40.188711
-20.3481,62.1654,2022-10-13 02:47:41.354038
-17.3693,64.6444,2022-10-13 02:48:42.542489
-14.3543,67.0353,2022-10-13 02:49:43.728725
-11.3102,69.3558,2022-10-13 02:50:44.891035
-8.2439,71.6222,2022-10-13 02:51:46.062607
-5.1365,73.8678,2022-10-13 02:52:47.242013
-2.0445,76.0713,2022-10-13 02:53:48.454545
1.0513,78.2655,2022-10-13 02:54:49.632705
4.1456,80.4648,2022-10-13 02:55:50.810822
7.2323,82.6834,2022-10-13 02:56:51.981258
10.3059,84.9364,2022-10-13 02:57:53.174782
13.3848,87.2582,2022-10-13 02:58:54.353272
16.4122,89.6268,2022-10-13 02:59:55.552874
19.4062,92.0784,2022-10-13 03:00:56.727271
22.3587,94.6311,2022-10-13 03:01:57.892652
25.2607,97.3047,2022-10-13 03:02:59.062967
28.1251,100.1442,2022-10-13 03:04:00.234112
30.8936,103.1267,2022-10-13 03:05:01.432891
33.5765,106.299,2022-10-13 03:06:02.604423
36.159,109.6876,2022-10-13 03:07:03.767942
38.6235,113.3187,2022-10-13 03:08:04.952083
40.9687,117.2519,2022-10-13 03:09:06.168369
43.134,121.4473,2022-10-13 03:10:07.364649
45.1143,125.9551,2022-10-13 03:11:08.543139
46.8825,130.7863,2022-10-13 03:12:09.709936
48.4105,135.9396,2022-10-13 03:13:10.900384
49.6699,141.3976,2022-10-13 03:14:12.083588
43.3946,-158.7437,2022-10-13 03:25:05.345894
41.2519,-154.5112,2022-10-13 03:26:06.574611
38.946,-150.5741,2022-10-13 03:27:07.805204
36.4792,-146.8806,2022-10-13 03:28:09.083183
33.9119,-143.4643,2022-10-13 03:29:10.313764
31.2418,-140.267,2022-10-13 03:30:11.563260
28.4617,-137.2391,2022-10-13 03:31:12.809273
25.6302,-134.4048,2022-10-13 03:32:14.043609
22.7369,-131.7155,2022-10-13 03:33:15.272498
19.7675,-129.1292,2022-10-13 03:34:16.498010
16.7795,-126.6676,2022-10-13 03:35:17.754853
13.7575,-124.2911,2022-10-13 03:36:18.989674
10.7083,-121.9824,2022-10-13 03:37:20.221710
7.6133,-119.7067,2022-10-13 03:38:21.460553
4.5294,-117.4858,2022-10-13 03:39:22.709101
1.4375,-115.2863,2022-10-13 03:40:23.936404
-1.6821,-113.0757,2022-10-13 03:41:25.159164
-4.773,-110.8754,2022-10-13 03:42:26.393789
-7.855,-108.6531,2022-10-13 03:43:27.623083
-10.9217,-106.394,2022-10-13 03:44:28.871140
-13.9923,-104.0635,2022-10-13 03:45:30.119097
-17.0096,-101.6832,2022-10-13 03:46:31.346207
-19.9916,-99.2172,2022-10-13 03:47:32.577845
-22.9542,-96.6253,2022-10-13 03:48:33.811303
-25.8398,-93.9297,2022-10-13 03:49:35.094314
-28.6625,-91.0882,2022-10-13 03:50:36.327400
-31.4328,-88.0521,2022-10-13 03:51:37.551603
-34.0919,-84.846,2022-10-13 03:52:38.785156
-36.6476,-81.4197,2022-10-13 03:53:40.015871
-39.0819,-77.747,2022-10-13 03:54:41.251888
-41.393,-73.7686,2022-10-13 03:55:42.478296
-43.5205,-69.5257,2022-10-13 03:56:43.740760
-45.4587,-64.9695,2022-10-13 03:57:44.972132
-47.194,-60.0493,2022-10-13 03:58:46.195939
-48.6697,-54.8488,2022-10-13 03:59:47.450635
-49.8725,-49.3518,2022-10-13 04:00:48.691008
-50.7774,-43.5973,2022-10-13 04:01:49.919970
-51.3657,-37.5996,2022-10-13 04:02:51.189113
-51.6129,-31.5365,2022-10-13 04:03:52.424899
-51.5186,-25.4515,2022-10-13 04:04:53.657903
-51.0802,-19.3906,2022-10-13 04:05:54.885696
-50.3163,-13.5396,2022-10-13 04:06:56.134575
-49.2436,-7.9197,2022-10-13 04:07:57.368074
-47.8741,-2.5389,2022-10-13 04:08:58.627180
-46.2574,2.4851,2022-10-13 04:09:59.861460
-44.4119,7.1865,2022-10-13 04:11:01.099717
-42.3651,11.569,2022-10-13 04:12:02.333877
-40.1242,15.6794,2022-10-13 04:13:03.591394
-37.7495,19.4718,2022-10-13 04:14:04.842227
-35.2447,23.0061,2022-10-13 04:15:06.071507
-32.6067,26.3347,2022-10-13 04:16:07.315752
-29.8949,29.4298,2022-10-13 04:17:08.551586
-27.1025,32.3451,2022-10-13 04:18:09.781685
-24.2185,35.1261,2022-10-13 04:19:11.008516
-21.3006,37.7504,2022-10-13 04:20:12.238633
-18.3351,40.2618,2022-10-13 04:21:13.474267
-15.3308,42.6793,2022-10-13 04:22:14.716249
-12.2701,45.0398,2022-10-13 04:23:15.987747
-9.2101,47.3214,2022-10-13 04:24:17.213978
24.7338,73.2125,2022-10-13 04:35:38.369972
27.587,76.0005,2022-10-13 04:36:39.486278
30.3702,78.9493,2022-10-13 04:37:40.610031
33.0926,82.1102,2022-10-13 04:38:41.730475
35.6947,85.4573,2022-10-13 04:39:42.869669
38.1821,89.0419,2022-10-13 04:40:43.990983
40.5358,92.891,2022-10-13 04:41:45.110739
42.7335,97.0286,2022-10-13 04:42:46.229547
44.7511,101.4754,2022-10-13 04:43:47.346567
46.5621,106.2445,2022-10-13 04:44:48.467021
48.1382,111.337,2022-10-13 04:45:49.588554
49.4511,116.7388,2022-10-13 04:46:50.705812
50.4737,122.4164,2022-10-13 04:47:51.829660
51.1823,128.3149,2022-10-13 04:48:52.988560
51.5592,134.3598,2022-10-13 04:49:54.107165
51.5943,140.4621,2022-10-13 04:50:55.254867
51.2869,146.526,2022-10-13 04:51:56.371454
50.6384,152.5087,2022-10-13 04:52:57.514633
49.6757,158.2352,2022-10-13 04:53:58.629927
48.4181,163.6937,2022-10-13 04:54:59.758280
46.8917,168.8479,2022-10-13 04:56:00.908393
45.1252,173.6797,2022-10-13 04:57:02.026518
43.1466,178.1882,2022-10-13 04:58:03.146159
40.9831,-177.6161,2022-10-13 04:59:04.295773
38.6593,-173.7133,2022-10-13 05:00:05.454961
36.1976,-170.0796,2022-10-13 05:01:06.604399
33.6178,-166.6889,2022-10-13 05:02:07.727278
30.9373,-163.5146,2022-10-13 05:03:08.848156
28.1714,-160.5308,2022-10-13 05:04:09.966517
25.3331,-157.7127,2022-10-13 05:05:11.104527
22.4101,-155.0159,2022-10-13 05:06:12.226406
19.46,-152.4628,2022-10-13 05:07:13.356490
16.4685,-150.0111,2022-10-13 05:08:14.474566
13.4433,-147.6424,2022-10-13 05:09:15.626097
10.3917,-145.3398,2022-10-13 05:10:16.754231
7.3203,-143.087,2022-10-13 05:11:17.886985
4.2353,-140.8686,2022-10-13 05:12:19.069913
1.1428,-138.6703,2022-10-13 05:13:20.189947
-1.9516,-136.4775,2022-10-13 05:14:21.307831
-5.042,-134.2758,2022-10-13 05:15:22.440365
-8.1231,-132.0507,2022-10-13 05:16:23.604979
-11.2136,-129.7688,2022-10-13 05:17:24.733836
-14.2569,-127.4516,2022-10-13 05:18:25.856009
-17.2714,-125.0645,2022-10-13 05:19:26.972496
-20.2502,-122.5901,2022-10-13 05:20:28.143139
-23.1845,-120.0098,2022-10-13 05:21:29.261676
-26.0655,-117.3034,2022-10-13 05:22:30.398508
-28.8829,-114.4494,2022-10-13 05:23:31.513305
-31.6245,-111.4243,2022-10-13 05:24:32.641633
-34.2769,-108.2034,2022-10-13 05:25:33.781874
-36.8244,-104.7606,2022-10-13 05:26:34.897505
-39.2494,-101.0695,2022-10-13 05:27:36.010935
-41.5315,-97.1042,2022-10-13 05:28:37.128935
-43.648,-92.8419,2022-10-13 05:29:38.248989
-45.5736,-88.2653,2022-10-13 05:30:39.372215
-47.2812,-83.3661,2022-10-13 05:31:40.491335
-48.7536,-78.1047,2022-10-13 05:32:41.629066
-49.9387,-72.5892,2022-10-13 05:33:42.762793
-50.824,-66.8203,2022-10-13 05:34:43.878490
-41.9999,-11.3119,2022-10-13 05:45:03.064406
-39.7505,-7.2834,2022-10-13 05:46:04.179773
-37.3534,-3.5344,2022-10-13 05:47:05.303436
-34.8295,-0.0394,2022-10-13 05:48:06.437111
-32.1971,3.2279,2022-10-13 05:49:07.560470
-29.4493,6.3184,2022-10-13 05:50:08.672688
-26.6452,9.2067,2022-10-13 05:51:09.807698
-23.7746,11.943,2022-10-13 05:52:10.929724
-20.8488,14.5486,2022-10-13 05:53:12.045332
-17.8769,17.0444,2022-10-13 05:54:13.162419
-14.8671,19.4493,2022-10-13 05:55:14.290114
-11.8273,21.7807,2022-10-13 05:56:15.408625
-8.7643,24.0551,2022-10-13 05:57:16.543275
-5.6843,26.2882,2022-10-13 05:58:17.673781
-2.5936,28.4949,2022-10-13 05:59:18.816609
0.5022,30.6898,2022-10-13 06:00:19.951360
3.5972,32.8872,2022-10-13 06:01:21.067063
6.6858,35.1015,2022-10-13 06:02:22.214683
9.762,37.3472,2022-10-13 06:03:23.345068
12.8447,39.6587,2022-10-13 06:04:24.521000
15.8771,42.0144,2022-10-13 06:05:25.655070
18.8775,44.4499,2022-10-13 06:06:26.789298
21.838,46.9832,2022-10-13 06:07:27.899794
24.7496,49.6338,2022-10-13 06:08:29.029251
27.6024,52.4226,2022-10-13 06:09:30.168877
30.3853,55.3725,2022-10-13 06:10:31.418844
33.0852,58.5076,2022-10-13 06:11:32.538927
35.7085,61.8824,2022-10-13 06:12:33.675060
38.1953,65.4685,2022-10-13 06:13:34.789710
40.548,69.3188,2022-10-13 06:14:35.912765
42.7449,73.4581,2022-10-13 06:15:37.035267
44.7614,77.9066,2022-10-13 06:16:38.148367
46.5712,82.6773,2022-10-13 06:17:39.273110
48.1461,87.7719,2022-10-13 06:18:40.403105
49.4575,93.1755,2022-10-13 06:19:41.520748
50.4784,98.8546,2022-10-13 06:20:42.636862
51.1853,104.7545,2022-10-13 06:21:43.749722
51.5603,110.7999,2022-10-13 06:22:44.895411
51.5936,116.902,2022-10-13 06:23:46.027146
51.2842,122.9658,2022-10-13 06:24:47.143029
50.6405,128.9002,2022-10-13 06:25:48.260972
49.6787,134.6265,2022-10-13 06:26:49.373212
48.4218,140.0861,2022-10-13 06:27:50.486495
46.8961,145.241,2022-10-13 06:28:51.605447
45.1302,150.0737,2022-10-13 06:29:52.754535
43.1352,154.6184,2022-10-13 06:30:53.871618
40.9707,158.8127,2022-10-13 06:31:54.992164
38.6461,162.7139,2022-10-13 06:32:56.115427
36.1838,166.3459,2022-10-13 06:33:57.277202
33.6036,169.7351,2022-10-13 06:34:58.418617
30.9226,172.9084,2022-10-13 06:35:59.539638
28.1563,175.8912,2022-10-13 06:37:00.677300
25.3178,178.7083,2022-10-13 06:38:01.820455
22.4185,-178.617,2022-10-13 06:39:02.979999
19.4687,-176.0636,2022-10-13 06:40:04.109246
16.477,-173.6115,2022-10-13 06:41:05.226157
13.4267,-171.2233,2022-10-13 06:42:06.347099
10.3748,-168.9208,2022-10-13 06:43:07.474373
7.3035,-166.6683,2022-10-13 06:44:08.587616
-26.9414,-140.034,2022-10-13 06:55:39.746169
-29.7368,-137.1296,2022-10-13 06:56:40.992369
-32.4524,-134.0469,2022-10-13 06:57:42.215997
-35.0953,-130.7326,2022-10-13 06:58:43.445752
-37.6061,-127.2141,2022-10-13 06:59:44.680312
-39.9882,-123.4388,2022-10-13 07:00:45.910641
-42.238,-119.3475,2022-10-13 07:01:47.145268
-44.2953,-114.9851,2022-10-13 07:02:48.369370
-46.1531,-110.3042,2022-10-13 07:03:49.627220
-47.784,-105.3001,2022-10-13 07:04:50.873923
-49.1698,-99.9383,2022-10-13 07:05:52.105668
-50.2601,-94.3349,2022-10-13 07:06:53.331431
-51.0432,-88.4968,2022-10-13 07:07:54.566956
-51.5019,-82.4438,2022-10-13 07:08:55.799818
-51.617,-76.361,2022-10-13 07:09:57.024495
-51.3903,-70.2936,2022-10-13 07:10:58.251233
-50.8279,-64.334,2022-10-13 07:11:59.482630
-49.9358,-58.5172,2022-10-13 07:13:00.722550
-48.7497,-53.0016,2022-10-13 07:14:01.946020
-47.2893,-47.7818,2022-10-13 07:15:03.181754
-45.5675,-42.8409,2022-10-13 07:16:04.443382
-43.6408,-38.2644,2022-10-13 07:17:05.678192
-41.5232,-34.0022,2022-10-13 07:18:06.914967
-39.2398,-30.0368,2022-10-13 07:19:08.140001
-36.7929,-26.3162,2022-10-13 07:20:09.393154
-34.2427,-22.8747,2022-10-13 07:21:10.626338
-31.5881,-19.6553,2022-10-13 07:22:11.884870
-28.8212,-16.6072,2022-10-13 07:23:13.128338
-26.0011,-13.7552,2022-10-13 07:24:14.356040
-23.1172,-11.0505,2022-10-13 07:25:15.592199
-20.1559,-8.4507,2022-10-13 07:26:16.831077
6.3971,11.2995,2022-10-13 07:35:07.022231
9.5001,13.5604,2022-10-13 07:36:08.184983
12.5599,15.8484,2022-10-13 07:37:09.358012
15.5952,18.1977,2022-10-13 07:38:10.526915
18.5989,20.625,2022-10-13 07:39:11.692218
21.5634,23.1483,2022-10-13 07:40:12.860071
24.4798,25.787,2022-10-13 07:41:14.026692
27.3387,28.562,2022-10-13 07:42:15.186983
30.1512,31.5207,2022-10-13 07:43:16.356788
32.8588,34.6392,2022-10-13 07:44:17.532369
35.4702,37.9666,2022-10-13 07:45:18.696201
37.9684,41.5293,2022-10-13 07:46:19.857729
40.3346,45.354,2022-10-13 07:47:21.025501
42.547,49.4653,2022-10-13 07:48:22.192619
44.5816,53.8843,2022-10-13 07:49:23.357286
46.426,58.6654,2022-10-13 07:50:24.523905
48.0219,63.7324,2022-10-13 07:51:25.688808
49.3569,69.111,2022-10-13 07:52:26.873185
50.4035,74.7686,2022-10-13 07:53:28.045072
51.1379,80.6527,2022-10-13 07:54:29.208803
51.5417,86.6893,2022-10-13 07:55:30.374497
51.6032,92.8404,2022-10-13 07:56:31.542598
51.32,98.9102,2022-10-13 07:57:32.739644
50.7015,104.8568,2022-10-13 07:58:33.968889
49.7635,110.6013,2022-10-13 07:59:35.133158
48.5284,116.0827,2022-10-13 08:00:36.298018
47.0092,121.3028,2022-10-13 08:01:37.468727
45.2588,126.158,2022-10-13 08:02:38.662247
43.2946,130.6889,2022-10-13 08:03:39.828348
41.1436,134.9065,2022-10-13 08:04:41.003285
38.8304,138.8296,2022-10-13 08:05:42.173904
36.378,142.4814,2022-10-13 08:06:43.338552
33.7848,145.9154,2022-10-13 08:07:44.516341
31.1103,149.1025,2022-10-13 08:08:45.680258
28.3492,152.0979,2022-10-13 08:09:46.869450
25.5151,154.9259,2022-10-13 08:10:48.038675
22.6195,157.6097,2022-10-13 08:11:49.201147
19.6728,160.1708,2022-10-13 08:12:50.371369
16.6593,162.6489,2022-10-13 08:13:51.593046
13.636,165.0223,2022-10-13 08:14:52.780620
10.5858,167.3287,2022-10-13 08:15:53.949417
7.5156,169.5843,2022-10-13 08:16:55.115659
4.4315,171.8041,2022-10-13 08:17:56.283264
1.3395,174.0032,2022-10-13 08:18:57.449656
-1.7801,176.2138,2022-10-13 08:19:58.613135
-4.8708,178.4145,2022-10-13 08:20:59.784739
-7.9524,-179.3622,2022-10-13 08:22:00.956149
-11.0188,-177.1016,2022-10-13 08:23:02.170890
-14.0635,-174.7885,2022-10-13 08:24:03.342067
-17.0801,-172.4064,2022-10-13 08:25:04.506725
-20.0863,-169.9168,2022-10-13 08:26:05.670270
-23.0238,-167.3425,2022-10-13 08:27:06.836957
-25.908,-164.6436,2022-10-13 08:28:08.011126
-28.7292,-161.7983,2022-10-13 08:29:09.184141
-31.4752,-158.7835,2022-10-13 08:30:10.346947
-34.1328,-155.5742,2022-10-13 08:31:11.513301
-36.6866,-152.1444,2022-10-13 08:32:12.674181
-39.1382,-148.4365,2022-10-13 08:33:13.843834
-41.4274,-144.4849,2022-10-13 08:34:15.012586
-50.6422,-86.5064,2022-10-13 08:45:04.394766
-49.6835,-80.7921,2022-10-13 08:46:05.566541
-48.4307,-75.3428,2022-10-13 08:47:06.732476
-46.9099,-70.1962,2022-10-13 08:48:07.898019
-45.1492,-65.3697,2022-10-13 08:49:09.069532
-43.1768,-60.8653,2022-10-13 08:50:10.251564
-41.0012,-56.639,2022-10-13 08:51:11.414379
-38.6822,-52.7401,2022-10-13 08:52:12.639617
-36.2254,-49.1094,2022-10-13 08:53:13.812077
-33.6501,-45.7207,2022-10-13 08:54:15.041639
-30.9739,-42.5478,2022-10-13 08:55:16.206140
-28.1889,-39.541,2022-10-13 08:56:17.373994
-25.3533,-36.7242,2022-10-13 08:57:18.547044
-22.4567,-34.05,2022-10-13 08:58:19.746738
-19.5089,-31.4965,2022-10-13 08:59:20.914607
-16.519,-29.0442,2022-10-13 09:00:22.103563
-13.4947,-26.6746,2022-10-13 09:01:23.309925
-10.4186,-24.3524,2022-10-13 09:02:24.483613
-7.3471,-22.0991,2022-10-13 09:03:25.657970
-4.2616,-19.88,2022-10-13 09:04:26.847939
-1.1679,-17.6806,2022-10-13 09:05:28.024353
1.9282,-15.4863,2022-10-13 09:06:29.190347
5.021,-13.283,2022-10-13 09:07:30.356221
8.1299,-11.0376,2022-10-13 09:08:31.524662
11.1983,-8.7719,2022-10-13 09:09:32.720908
14.2454,-6.4518,2022-10-13 09:10:33.923706
17.2643,-4.0613,2022-10-13 09:11:35.089482
20.2474,-1.583,2022-10-13 09:12:36.272926
23.2105,1.0237,2022-10-13 09:13:37.435950
26.0959,3.7364,2022-10-13 09:14:38.606935
28.9174,6.5978,2022-10-13 09:15:39.797233
31.6631,9.6316,2022-10-13 09:16:40.983539
34.3194,12.8627,2022-10-13 09:17:42.152316
36.8702,16.3173,2022-10-13 09:18:43.317302
39.3171,20.0534,2022-10-13 09:19:44.491001
41.5996,24.0366,2022-10-13 09:20:45.675888
43.715,28.3186,2022-10-13 09:21:46.837392
45.6381,32.9174,2022-10-13 09:22:48.016014
47.3412,37.8408,2022-10-13 09:23:49.187722
48.8068,43.1276,2022-10-13 09:24:50.510517
49.9827,48.6682,2022-10-13 09:25:51.691256
50.8563,54.4607,2022-10-13 09:26:52.859109
51.4066,60.4411,2022-10-13 09:27:54.029988
51.6191,66.5258,2022-10-13 09:28:55.198718
51.4883,72.6214,2022-10-13 09:29:56.361590
51.0124,78.6827,2022-10-13 09:30:57.525945
50.2118,84.5243,2022-10-13 09:31:58.735836
49.1036,90.127,2022-10-13 09:32:59.923295
47.7126,95.4421,2022-10-13 09:34:01.113565
46.0667,100.4416,2022-10-13 09:35:02.277127
44.1781,105.1534,2022-10-13 09:36:03.442803
42.1055,109.5062,2022-10-13 09:37:04.606951
39.8604,113.5552,2022-10-13 09:38:05.798641
37.4663,117.3226,2022-10-13 09:39:06.965831
34.9444,120.8334,2022-10-13 09:40:08.130612
32.3132,124.1145,2022-10-13 09:41:09.301762
29.5889,127.1922,2022-10-13 09:42:10.466293
26.7626,130.1147,2022-10-13 09:43:11.653736
23.8927,132.8588,2022-10-13 09:44:12.819010
-8.4987,157.4429,2022-10-13 09:55:02.374406
-11.5617,159.7117,2022-10-13 09:56:03.508009
-14.6022,162.036,2022-10-13 09:57:04.628137
-17.613,164.4321,2022-10-13 09:58:05.740989
-20.5869,166.9176,2022-10-13 09:59:06.882424
-23.5164,169.512,2022-10-13 10:00:08.002937
-26.3905,172.234,2022-10-13 10:01:09.118915
-29.1998,175.1063,2022-10-13 10:02:10.240270
-31.954,178.1781,2022-10-13 10:03:11.382683
-34.5944,-178.5754,2022-10-13 10:04:12.533286
-37.128,-175.1038,2022-10-13 10:05:13.645725
-39.5366,-171.3805,2022-10-13 10:06:14.761398
-41.7997,-167.3802,2022-10-13 10:07:15.875759
-43.8944,-163.0801,2022-10-13 10:08:17.016650
-45.7949,-158.4642,2022-10-13 10:09:18.137487
-47.474,-153.5252,2022-10-13 10:10:19.256878
-48.9034,-148.2703,2022-10-13 10:11:20.397830
-50.0556,-142.7232,2022-10-13 10:12:21.521039
-50.9052,-136.9291,2022-10-13 10:13:22.654015
-51.4316,-130.954,2022-10-13 10:14:23.764324
-51.6213,-124.8805,2022-10-13 10:15:24.918719
-51.4692,-118.8017,2022-10-13 10:16:26.042460
-50.974,-112.7625,2022-10-13 10:17:27.172540
-50.1564,-106.946,2022-10-13 10:18:28.295388
-49.0338,-101.3706,2022-10-13 10:19:29.419721
-47.631,-96.0834,2022-10-13 10:20:30.543005
-45.9757,-91.1109,2022-10-13 10:21:31.728571
-44.096,-86.4615,2022-10-13 10:22:32.876728
-42.0193,-82.129,2022-10-13 10:23:33.991698
-39.7713,-78.0979,2022-10-13 10:24:35.105090
-37.3754,-74.3465,2022-10-13 10:25:36.219413
-34.8525,-70.8494,2022-10-13 10:26:37.372889
-32.1989,-67.5542,2022-10-13 10:27:38.656047
-29.4739,-64.4881,2022-10-13 10:28:39.786292
-26.6704,-61.5982,2022-10-13 10:29:40.903791
-23.8006,-58.8609,2022-10-13 10:30:42.024308
-20.8752,-56.2542,2022-10-13 10:31:43.166598
-17.9035,-53.7574,2022-10-13 10:32:44.286651
-14.8941,-51.3519,2022-10-13 10:33:45.409246
-11.8545,-49.0199,2022-10-13 10:34:46.542637
-8.7915,-46.745,2022-10-13 10:35:47.670010
-5.7119,-44.5118,2022-10-13 10:36:48.783761
-2.6213,-42.3049,2022-10-13 10:37:49.899524
0.4744,-40.1101,2022-10-13 10:38:51.010703
3.5695,-37.9128,2022-10-13 10:39:52.122676
6.6583,-35.6987,2022-10-13 10:40:53.235054
9.7599,-33.4347,2022-10-13 10:41:54.347212
12.8177,-31.1421,2022-10-13 10:42:55.460005
15.8507,-28.7869,2022-10-13 10:43:56.576800
18.8514,-26.3522,2022-10-13 10:44:57.689901
21.8123,-23.8198,2022-10-13 10:45:58.803550
24.7247,-21.1701,2022-10-13 10:46:59.920043
27.5781,-18.3825,2022-10-13 10:48:01.033101
30.3616,-15.4342,2022-10-13 10:49:02.155788
33.0624,-12.3007,2022-10-13 10:50:03.270881
35.6657,-8.9563,2022-10-13 10:51:04.402672
38.1547,-5.3743,2022-10-13 10:52:05.569901
40.51,-1.5284,2022-10-13 10:53:06.700238
42.7097,2.6059,2022-10-13 10:54:07.814072
47.008,13.2008,2022-10-13 10:56:26.946568
48.5279,18.4222,2022-10-13 10:57:28.272810
49.7634,23.9046,2022-10-13 10:58:29.385992
50.7016,29.6498,2022-10-13 10:59:30.504972
51.3202,35.5971,2022-10-13 11:00:31.634379
51.6035,41.6673,2022-10-13 11:01:32.751935
51.5439,47.7685,2022-10-13 11:02:33.878382
51.143,53.8059,2022-10-13 11:03:34.998391
50.4115,59.6902,2022-10-13 11:04:36.113487
49.3676,65.3492,2022-10-13 11:05:37.227732
48.0353,70.7293,2022-10-13 11:06:38.346719
46.4419,75.7982,2022-10-13 11:07:39.484661
44.6159,80.5432,2022-10-13 11:08:40.597089
42.5853,84.9665,2022-10-13 11:09:41.710847
40.3767,89.0818,2022-10-13 11:10:42.825336
38.0138,92.9103,2022-10-13 11:11:43.955416
35.5187,96.4762,2022-10-13 11:12:45.081647
32.8886,99.8328,2022-10-13 11:13:46.206638
30.1831,102.9521,2022-10-13 11:14:47.327104
27.3959,105.8879,2022-10-13 11:15:48.449447
24.5397,108.6645,2022-10-13 11:16:49.568036
21.6256,111.3045,2022-10-13 11:17:50.681097
18.6635,113.8287,2022-10-13 11:18:51.796613
15.6621,116.2565,2022-10-13 11:19:52.911323
12.6289,118.6059,2022-10-13 11:20:54.031552
9.5715,120.8937,2022-10-13 11:21:55.143345
6.4961,123.1356,2022-10-13 11:22:56.275996
3.4088,125.3469,2022-10-13 11:23:57.422973
0.3153,127.5423,2022-10-13 11:24:58.543534
-2.7785,129.736,2022-10-13 11:25:59.654789
-5.8667,131.9423,2022-10-13 11:27:00.767161
-8.9442,134.176,2022-10-13 11:28:01.900042
-12.0043,136.4519,2022-10-13 11:29:03.053944
-15.0656,138.8049,2022-10-13 11:30:04.172597
-18.0715,141.2137,2022-10-13 11:31:05.286006
-21.0393,143.7146,2022-10-13 11:32:06.407912
-23.9603,146.3266,2022-10-13 11:33:07.541897
-26.8252,149.0699,2022-10-13 11:34:08.670801
-29.6235,151.9674,2022-10-13 11:35:09.786902
-32.3428,155.0423,2022-10-13 11:36:10.900256
-34.9688,158.3199,2022-10-13 11:37:12.022882
-37.4853,161.8263,2022-10-13 11:38:13.138134
-39.8742,165.5882,2022-10-13 11:39:14.260530
-42.1144,169.6306,2022-10-13 11:40:15.382007
-44.1824,173.9754,2022-10-13 11:41:16.500330
-46.0524,178.6377,2022-10-13 11:42:17.617226
-47.6971,-176.3771,2022-10-13 11:43:18.753144
-49.0881,-171.0776,2022-10-13 11:44:19.879147
-50.1979,-165.4915,2022-10-13 11:45:21.003138
-51.0018,-159.6669,2022-10-13 11:46:22.119259
-51.4827,-153.6221,2022-10-13 11:47:23.238657
-51.6202,-147.5414,2022-10-13 11:48:24.390755
-51.4159,-141.4705,2022-10-13 11:49:25.507301
-50.8753,-135.5011,2022-10-13 11:50:26.626169
-50.0122,-129.716,2022-10-13 11:51:27.748662
-48.8474,-124.1799,2022-10-13 11:52:28.863757
-47.4063,-118.9369,2022-10-13 11:53:29.980174
-45.7166,-114.0109,2022-10-13 11:54:31.098880
-43.8067,-109.4079,2022-10-13 11:55:32.238812
-16.0161,-75.8296,2022-10-13 12:06:13.324582
-12.987,-73.4724,2022-10-13 12:07:14.494388
-9.9069,-71.1596,2022-10-13 12:08:15.656136
-6.8326,-68.913,2022-10-13 12:09:16.825977
-3.7452,-66.6982,2022-10-13 12:10:17.989304
-0.6504,-64.5004,2022-10-13 12:11:19.159259
2.4456,-62.3057,2022-10-13 12:12:20.323006
5.5374,-60.0993,2022-10-13 12:13:21.525912
8.6443,-57.8484,2022-10-13 12:14:22.699080
11.7097,-55.5746,2022-10-13 12:15:23.871987
14.7525,-53.2441,2022-10-13 12:16:25.036287
17.7658,-50.8402,2022-10-13 12:17:26.200906
20.7422,-48.3454,2022-10-13 12:18:27.386899
23.6731,-45.7408,2022-10-13 12:19:28.556377
26.5725,-42.9828,2022-10-13 12:20:29.727658
29.3822,-40.0943,2022-10-13 12:21:30.890489
32.1139,-37.0295,2022-10-13 12:22:32.059153
34.7537,-33.7628,2022-10-13 12:23:33.219620
37.2853,-30.2683,2022-10-13 12:24:34.391116
39.6903,-26.5194,2022-10-13 12:25:35.558537
41.9478,-22.4902,2022-10-13 12:26:36.728563
44.0508,-18.1217,2022-10-13 12:27:37.905591
45.939,-13.469,2022-10-13 12:28:39.091695
47.6026,-8.4915,2022-10-13 12:29:40.263650
49.013,-3.1978,2022-10-13 12:30:41.438370
50.1426,2.3865,2022-10-13 12:31:42.604256
50.9715,8.2625,2022-10-13 12:32:43.781434
51.4661,14.2659,2022-10-13 12:33:45.158321
51.6215,20.3589,2022-10-13 12:34:46.320018
51.4334,26.4471,2022-10-13 12:35:47.503833
50.9014,32.4851,2022-10-13 12:36:48.680602
50.0479,38.2912,2022-10-13 12:37:49.846920
48.8907,43.8486,2022-10-13 12:38:51.009074
47.4553,49.1121,2022-10-13 12:39:52.175963
45.7696,54.0578,2022-10-13 12:40:53.353720
43.8621,58.6787,2022-10-13 12:41:54.517999
41.7423,63.0164,2022-10-13 12:42:55.696121
39.4705,67.0172,2022-10-13 12:43:56.879879
37.0536,70.7398,2022-10-13 12:44:58.047628
34.5121,74.2105,2022-10-13 12:45:59.212854
31.8644,77.4557,2022-10-13 12:47:00.418550
29.126,80.5018,2022-10-13 12:48:01.585563
26.2876,83.3969,2022-10-13 12:49:02.753043
23.4075,86.1176,2022-10-13 12:50:03.916454
20.4736,88.7098,2022-10-13 12:51:05.101562
17.4952,91.1941,2022-10-13 12:52:06.276317
14.4806,93.5892,2022-10-13 12:53:07.495795
11.4373,95.9125,2022-10-13 12:54:08.662893
8.3467,98.1991,2022-10-13 12:55:09.828837
5.2656,100.4271,2022-10-13 12:56:10.996004
2.175,102.6304,2022-10-13 12:57:12.176268
-0.9192,104.8234,2022-10-13 12:58:13.344777
-4.0115,107.0205,2022-10-13 12:59:14.507552
-7.0962,109.236,2022-10-13 13:00:15.704636
-10.1924,111.5032,2022-10-13 13:01:16.880729
-13.2437,113.8006,2022-10-13 13:02:18.045305
-16.2688,116.1625,2022-10-13 13:03:19.216397
-19.2604,118.6058,2022-10-13 13:04:20.377702
-22.2105,121.1486,2022-10-13 13:05:21.553577
-47.7059,160.0592,2022-10-13 13:16:09.289083
-49.0954,165.3605,2022-10-13 13:17:10.513812
-50.2035,170.9481,2022-10-13 13:18:11.755845
-51.0056,176.7742,2022-10-13 13:19:12.983188
-51.4845,-177.1804,2022-10-13 13:20:14.225632
-51.62,-171.0992,2022-10-13 13:21:15.448946
-51.4137,-165.0277,2022-10-13 13:22:16.693649
-50.8652,-159.0106,2022-10-13 13:23:17.962132
-49.9977,-153.2287,2022-10-13 13:24:19.183126
-48.8287,-147.6963,2022-10-13 13:25:20.405038
-47.3838,-142.4575,2022-10-13 13:26:21.638898
-45.6759,-137.4971,2022-10-13 13:27:22.878891
-43.7613,-132.9012,2022-10-13 13:28:24.107317
-41.6542,-128.6206,2022-10-13 13:29:25.369462
-39.3607,-124.6067,2022-10-13 13:30:26.594771
-36.941,-120.9017,2022-10-13 13:31:27.832927
-34.3978,-117.4465,2022-10-13 13:32:29.099522
-31.7266,-114.1887,2022-10-13 13:33:30.321269
-28.9867,-111.1553,2022-10-13 13:34:31.545737
-26.1706,-108.2937,2022-10-13 13:35:32.776101
-23.2902,-105.5808,2022-10-13 13:36:34.062263
-20.3316,-102.974,2022-10-13 13:37:35.307118
-17.3524,-100.4955,2022-10-13 13:38:36.535568
-14.3368,-98.1047,2022-10-13 13:39:37.773699
-11.2675,-95.7657,2022-10-13 13:40:39.005835
-8.2008,-93.5,2022-10-13 13:41:40.246038
-5.1185,-91.2729,2022-10-13 13:42:41.479146
-2.0264,-89.0694,2022-10-13 13:43:42.702942
1.0953,-86.857,2022-10-13 13:44:43.932349
4.1897,-84.6574,2022-10-13 13:45:45.173497
7.2764,-82.4383,2022-10-13 13:46:46.399394
10.3747,-80.1661,2022-10-13 13:47:47.641803
13.4284,-77.8621,2022-10-13 13:48:48.883859
16.4559,-75.4919,2022-10-13 13:49:50.114268
19.4495,-73.039,2022-10-13 13:50:51.335989
22.4256,-70.4631,2022-10-13 13:51:52.592409
25.3262,-67.7866,2022-10-13 13:52:53.829834
28.1661,-64.9673,2022-10-13 13:53:55.051953
30.956,-61.9568,2022-10-13 13:54:56.278615
33.6371,-58.7795,2022-10-13 13:55:57.504350
36.2171,-55.3856,2022-10-13 13:56:58.729558
38.6787,-51.7485,2022-10-13 13:57:59.956367
41.0206,-47.8087,2022-10-13 13:59:01.182571
43.1751,-43.6199,2022-10-13 14:00:02.410306
45.1668,-39.0674,2022-10-13 14:01:03.657236
46.9289,-34.2268,2022-10-13 14:02:04.919586
48.4498,-29.0643,2022-10-13 14:03:06.144203
49.7012,-23.5982,2022-10-13 14:04:07.366184
50.6634,-17.8185,2022-10-13 14:05:08.638320
51.2978,-11.8789,2022-10-13 14:06:09.871874
51.5975,-5.8123,2022-10-13 14:07:11.102207
51.5526,0.3397,2022-10-13 14:08:12.364682
51.1652,6.3813,2022-10-13 14:09:13.594143
50.4392,12.3212,2022-10-13 14:10:15.228678
49.3952,18.0336,2022-10-13 14:11:16.860810
48.0693,23.4207,2022-10-13 14:12:18.083377
46.4675,28.5379,2022-10-13 14:13:19.308181
44.6447,33.2879,2022-10-13 14:14:20.547991
42.6169,37.7161,2022-10-13 14:15:21.789205
13.821,70.5068,2022-10-13 14:26:11.152908
10.7723,72.8168,2022-10-13 14:27:12.329976
7.7031,75.0749,2022-10-13 14:28:13.525649
4.6196,77.2966,2022-10-13 14:29:14.693439
1.5024,79.5145,2022-10-13 14:30:15.856489
-1.5918,81.7071,2022-10-13 14:31:17.029368
-4.6828,83.9068,2022-10-13 14:32:18.229573
-7.7652,86.1283,2022-10-13 14:33:19.392114
-10.8326,88.3862,2022-10-13 14:34:20.555308
-13.8791,90.6958,2022-10-13 14:35:21.729608
-16.9223,93.0931,2022-10-13 14:36:22.938239
-19.9054,95.5564,2022-10-13 14:37:24.110618
-22.8454,98.1233,2022-10-13 14:38:25.288756
-25.7331,100.8139,2022-10-13 14:39:26.461070
-28.5582,103.6493,2022-10-13 14:40:27.664558
-31.3315,106.6785,2022-10-13 14:41:28.837543
-33.9942,109.8769,2022-10-13 14:42:30.000212
-36.554,113.2942,2022-10-13 14:43:31.172380
-38.9929,116.9569,2022-10-13 14:44:32.342527
-41.2914,120.8909,2022-10-13 14:45:33.513309
-43.427,125.1198,2022-10-13 14:46:34.688674
-45.3897,129.7001,2022-10-13 14:47:35.864287
-47.1204,134.5667,2022-10-13 14:48:37.033583
-48.6079,139.7527,2022-10-13 14:49:38.204120
-49.8241,145.2379,2022-10-13 14:50:39.371222
-50.7431,150.9822,2022-10-13 14:51:40.566286
-51.343,156.9237,2022-10-13 14:52:41.780445
-51.6092,163.0331,2022-10-13 14:53:42.949394
-51.5304,169.1188,2022-10-13 14:54:44.115860
-51.1121,175.1359,2022-10-13 14:55:45.285793
-50.3654,-179.0024,2022-10-13 14:56:46.479462
-49.3087,-173.3684,2022-10-13 14:57:47.699822
-47.9659,-168.0137,2022-10-13 14:58:48.866610
-46.3501,-162.9296,2022-10-13 14:59:50.033200
-44.5161,-158.2109,2022-10-13 15:00:51.216896
-42.4793,-153.8114,2022-10-13 15:01:52.391727
-40.2659,-149.7174,2022-10-13 15:02:53.571257
-37.8998,-145.908,2022-10-13 15:03:54.734364
-35.4025,-142.3586,2022-10-13 15:04:55.919413
-32.7708,-139.0163,2022-10-13 15:05:57.097267
-30.0642,-135.909,2022-10-13 15:06:58.272772
-27.2765,-132.9834,2022-10-13 15:07:59.452581
-24.4198,-130.2153,2022-10-13 15:09:00.626315
-21.5053,-127.5822,2022-10-13 15:10:01.828402
-18.5185,-125.0434,2022-10-13 15:11:03.011322
-15.516,-122.6205,2022-10-13 15:12:04.192900
-12.4819,-120.2746,2022-10-13 15:13:05.372116
-9.4231,-117.9891,2022-10-13 15:14:06.546630
-6.346,-115.7483,2022-10-13 15:15:07.727241
-3.2571,-113.5371,2022-10-13 15:16:08.922672
-0.1364,-111.3228,2022-10-13 15:17:10.114581
2.9596,-109.1268,2022-10-13 15:18:11.288516
6.0503,-106.9171,2022-10-13 15:19:12.457322
9.13,-104.6787,2022-10-13 15:20:13.651854
12.1926,-102.3967,2022-10-13 15:21:14.872761
15.2562,-100.036,2022-10-13 15:22:16.056372
18.2639,-97.6182,2022-10-13 15:23:17.222665
21.2335,-95.1064,2022-10-13 15:24:18.407935
24.1562,-92.4813,2022-10-13 15:25:19.639429
47.6451,-55.5351,2022-10-13 15:35:22.951728
